Row,Segment1,Segment2,Segment3,Segment4,Segment5
Channel1,0.0548768532170428,0.19760737776875,0.00111844074263496,0.174386029736211,0.0742113439876076
Channel2,1,1,1,1,1
Channel3,0.00274600066102726,0.0552471767411978,0.0298912982171583,0.00262625701133718,0.0412148409283747
Channel4,1,1,1,1,1
Channel5,0.0215373230815488,0.0441255313835306,0.0159342611532684,0.0785584048603852,0.114479777170565
