Row,Segment1,Segment2,Segment3,Segment4,Segment5,Segment6
Channel1,0.522037638548199,0.436117158701445,0.450614312378256,0.366309367048332,0.281790214856043,0.238999208001967
Channel2,0.852713774238043,0.722592481517478,0.713316283751167,0.657583555150091,0.543089842574331,0.557584721151089
Channel3,0.766998116603163,0.685382558807427,0.675019058847966,0.596524577451743,0.487624454696,0.519252680048321
Channel4,0.45263868583809,0.479916117155948,0.442744325277828,0.312714579007366,0.32225693047156,0.350900883001563
Channel5,0.984494899702567,0.972779792046644,0.964650198733652,0.968971539554929,0.941348565429872,0.95271484772489
